Type,Diff.Un,Diff.Adj
Contin.,0.14294390172673738,0.023303020457469046
